Altura,Edad
1.495,25.0
NA,NA
1.6666666666666667,31.666666666666668
1.81,35.5
1.6549999999999998,35.5
1.7833333333333332,31.0
1.65,35.0
NA,NA
NA,NA
1.75,33.0
NA,NA
2.0066666666666664,34.0
1.8,35.0
82.33333333333333,37.5
NA,NA
1.93,44.0
1.815,24.5
1.91,26.0
NA,NA
1.74,36.0